Name,Pos,Age,ERA,W,L,Sv,G,GS,CG,SHO,IP,H,R,ER,HR,HBP,BB,IW,K
Didier Fuentes,sp,20,13.85,0,3,0,4,4,0,0,13,23,20,20,6,2,6,0,12
Bradgley Rodriguez,mr,21,1.17,1,0,0,7,0,0,0,7.2,4,1,1,0,3,3,1,9
Trey Yesavage,sp,21,3.21,1,0,0,3,3,0,0,14,13,5,5,0,0,7,0,16
Chase Burns,sp,22,4.57,0,3,0,13,8,0,0,43.1,41,25,22,5,0,16,0,67
Bubba Chandler,sp,22,4.02,4,1,1,7,4,0,0,31.1,25,14,14,2,3,4,0,31
Angel Chivilli,mr,22,7.06,1,5,0,43,0,0,0,58.2,76,49,46,13,6,23,1,43
Jose Corniell,mr,22,16.2,0,1,0,1,0,0,0,1.2,3,4,3,1,0,1,0,1
Ryan Johnson,mr,22,7.36,1,1,1,14,0,0,0,14.2,24,15,12,4,0,5,1,16
Andry Lara,mr,22,8.79,0,0,0,9,0,0,0,14.1,27,15,14,2,1,8,0,10
Luis Morales,sp,22,3.14,4,3,0,10,9,0,0,48.2,38,18,17,8,1,18,0,43
Chase Petty,sp,22,19.5,0,3,0,3,2,0,0,6,14,14,13,3,1,8,0,7
Payton Tolle*,mr,22,6.06,0,1,0,7,3,0,0,16.1,18,12,11,5,0,8,0,19
Jonah Tong,sp,22,7.71,2,3,0,5,5,0,0,18.2,24,20,16,3,0,9,0,22
Mick Abel,sp,23,6.23,3,4,0,10,8,0,0,39,43,28,27,8,1,16,0,39
Mick Abel,sp,23,5.04,2,2,0,6,6,0,0,25,25,14,14,7,1,9,0,21
Mick Abel,sp,23,8.36,1,2,0,4,2,0,0,14,18,14,13,1,0,7,0,18
Philip Abner*,mr,23,4.91,0,0,0,5,0,0,0,3.2,5,2,2,0,0,3,0,5
Sam Aldegheri*,sp,23,7.9,0,2,0,4,2,0,0,13.2,20,14,12,3,4,10,0,12
Luinder Avila,mr,23,1.29,1,1,0,13,0,0,0,14,7,2,2,0,0,6,0,16
Chase Dollander,sp,23,6.52,2,12,0,21,21,0,0,98,103,76,71,18,6,49,0,82
Carlos Duran,mr,23,81,0,0,0,1,0,0,0,0.1,1,3,3,0,0,3,0,0
Connelly Early*,sp,23,2.33,1,2,0,4,4,0,0,19.1,17,6,5,0,1,4,0,29
Jose M Fermin,mr,23,4.46,3,2,0,40,0,0,0,34.1,25,21,17,8,1,23,2,39
Mason Fluharty*,mr,23,4.44,5,2,1,55,0,0,0,52.2,36,28,26,6,2,24,4,56
Wikelman Gonzalez,mr,23,2.66,1,0,0,16,0,0,0,20.1,13,9,6,1,0,12,0,25
Thomas Harrington,cl,23,15.58,0,1,1,3,1,0,0,8.2,18,15,15,3,0,7,0,7
Kyle Harrison*,sp,23,4.56,1,1,0,8,4,0,0,23.2,21,12,12,4,0,9,1,25
Kyle Harrison*,sp,23,3,0,0,0,3,2,0,0,12,14,4,4,0,1,5,0,13
Logan Henderson,sp,23,1.78,3,0,0,5,5,0,0,25.1,17,5,5,3,0,8,0,33
Cade Horton,sp,23,2.67,11,4,0,23,22,0,0,118,95,40,35,10,6,33,0,97
Nolan McLean,sp,23,2.06,5,1,0,8,8,0,0,48,34,13,11,4,2,16,0,57
Jacob Misiorowski,sp,23,4.36,5,3,0,15,14,0,0,66,51,34,32,8,3,31,0,87
Anthony Molina,mr,23,7.27,1,1,0,17,1,0,0,34.2,52,30,28,12,2,6,0,24
Roki Sasaki,sp,23,4.46,1,1,0,10,8,0,0,36.1,30,18,18,6,3,22,0,28
Grant Taylor,mr,23,4.91,2,4,6,36,2,0,0,36.2,37,20,20,0,0,15,1,54
Zach Agnos,mr,24,6.61,1,3,4,30,0,0,0,31.1,31,25,23,5,0,17,0,19
Luarbert Arias,mr,24,11.32,0,0,0,7,0,0,0,10.1,17,13,13,2,2,5,0,10
Hunter Barco*,mr,24,0,1,0,0,2,0,0,0,3,3,0,0,0,0,0,0,3
Mason Barnett,sp,24,6.85,1,1,0,5,5,0,0,22.1,26,18,17,3,1,11,0,18
Bradley Blalock,sp,24,9.36,2,6,0,14,12,0,0,58.2,85,61,61,17,3,23,1,27
A.J. Blubaugh,mr,24,1.69,3,1,0,11,3,0,0,32,17,11,6,6,0,11,0,35
Taj Bradley,sp,24,6.61,0,2,0,6,6,0,0,31.1,32,23,23,6,0,12,0,32
Taj Bradley,sp,24,4.61,6,6,0,21,21,0,0,111.1,99,65,57,13,4,44,0,95
McCade Brown,sp,24,7.36,0,5,0,7,7,0,0,25.2,30,21,21,6,5,17,0,23
Marc Church,mr,24,3.86,0,0,0,5,0,0,0,4.2,4,2,2,0,0,6,0,5
Luis Curvelo,mr,24,5.68,1,1,0,17,0,0,0,19,17,13,12,3,0,10,1,20
Logan Evans,sp,24,4.32,6,5,0,16,15,0,0,81.1,82,45,39,13,4,31,1,59
Mitch Farris*,sp,24,6.66,1,3,0,5,5,0,0,24.1,24,19,18,4,1,11,0,24
Braydon Fisher,mr,24,2.7,7,0,0,52,1,0,0,50,32,15,15,4,3,19,1,62
Luis Guerrero,mr,24,4.15,0,1,0,13,0,0,0,17.1,9,8,8,0,0,14,0,10
Zach Maxwell,mr,24,4.5,0,0,0,8,0,0,0,10,10,5,5,3,0,4,0,13
Trevor McDonald,sp,24,1.8,1,0,0,3,2,0,0,15,13,6,3,1,0,2,0,14
Victor Mederos,sp,24,7.41,0,2,0,5,3,0,0,17,18,14,14,4,3,12,0,14
Juan M. Mejia,mr,24,3.96,2,2,1,55,0,0,0,61.1,52,34,27,6,6,25,1,68
Troy Melton,mr,24,2.76,3,2,0,16,4,0,0,45.2,31,15,14,7,1,15,0,36
Parker Messick*,sp,24,2.72,3,1,0,7,7,0,0,39.2,46,12,12,4,0,6,0,38
Luis Mey,mr,24,3.43,2,0,0,23,0,0,0,21,17,8,8,3,1,17,0,21
Tyler Owens,mr,24,3,0,0,0,3,0,0,0,3,3,1,1,0,0,3,0,1
Carson Palmquist*,sp,24,8.91,0,4,0,9,7,0,0,34.1,45,35,34,10,3,25,0,27
Connor Phillips,mr,24,2.88,5,0,0,21,0,0,0,25,11,9,8,3,2,12,0,32
Joe Rock*,mr,24,2.35,0,0,0,3,0,0,0,7.2,7,2,2,1,2,2,0,11
Cam Schlittler,sp,24,2.96,4,3,0,14,14,0,0,73,58,24,24,8,5,31,0,84
Drew Sommers*,mr,24,18,0,1,0,4,0,0,0,3,7,6,6,1,1,3,0,3
Brandon Sproat,sp,24,4.79,0,2,0,4,4,0,0,20.2,18,11,11,0,2,7,0,17
Blade Tidwell,sp,24,9,1,1,0,4,2,0,0,15,23,15,15,4,1,10,0,10
Andrew Walters,mr,24,13.5,0,0,0,2,0,0,0,1.1,2,2,2,1,0,0,0,2
Carson Whisenhunt*,sp,24,5.01,2,1,0,5,5,0,0,23.1,22,14,13,6,2,12,0,16
Travis Adams,mr,25,7.49,1,4,0,18,2,0,0,33.2,39,29,28,6,3,17,0,31
Braxton Ashcraft,mr,25,2.71,4,4,0,26,8,0,0,69.2,63,22,21,3,2,24,1,71
Sam Bachman,mr,25,6.2,2,3,0,23,0,0,0,20.1,22,15,14,1,1,10,0,18
Ryan Bergert,sp,25,3.66,2,2,0,19,15,0,0,76.1,61,32,31,8,1,35,1,73
Ryan Bergert,sp,25,2.78,1,0,0,11,7,0,0,35.2,24,11,11,4,1,18,0,34
Ryan Bergert,sp,25,4.43,1,2,0,8,8,0,0,40.2,37,21,20,4,0,17,1,39
Mason Black,mr,25,6.75,0,0,0,1,0,0,0,4,5,5,3,2,0,0,0,5
Zach Brzykcy,mr,25,9,0,1,0,26,0,0,0,23,28,23,23,6,2,12,0,24
Juan Burgos,mr,25,6.07,1,1,0,13,0,0,0,13.1,17,10,9,2,1,8,1,14
Juan Burgos,mr,25,4.05,0,0,0,4,0,0,0,6.2,7,3,3,0,1,2,0,8
Juan Burgos,mr,25,8.1,1,1,0,9,0,0,0,6.2,10,7,6,2,0,6,1,6
Mike Burrows,sp,25,3.94,2,4,0,23,19,0,0,96,88,43,42,13,5,31,1,97
Noah Cameron*,sp,25,2.99,9,7,0,24,24,0,0,138.1,109,46,46,18,3,43,1,114
Roansy Contreras,mr,25,5.68,0,0,0,5,0,0,0,12.2,12,8,8,3,1,2,0,6
Roansy Contreras,mr,25,0,0,0,0,1,0,0,0,4.1,3,0,0,0,1,1,0,2
Roansy Contreras,mr,25,8.64,0,0,0,4,0,0,0,8.1,9,8,8,3,0,1,0,4
Hunter Dobbins,sp,25,4.13,4,1,0,13,11,0,0,61,61,30,28,6,2,17,1,45
Mason Englert,mr,25,3.83,0,1,0,29,0,0,0,44.2,43,20,19,4,1,11,0,44
Brandyn Garcia*,mr,25,5.65,0,2,0,14,0,0,0,14.1,18,12,9,0,1,8,0,14
Brandyn Garcia*,mr,25,4.5,0,0,0,2,0,0,0,2,4,2,1,0,0,3,0,1
Brandyn Garcia*,mr,25,5.84,0,2,0,12,0,0,0,12.1,14,10,8,0,1,5,0,13
Paul Gervase,mr,25,4.32,0,0,0,6,0,0,0,8.1,8,4,4,3,0,6,0,8
Paul Gervase,mr,25,4.5,0,0,0,1,0,0,0,2,2,1,1,0,0,1,0,2
Paul Gervase,mr,25,4.26,0,0,0,5,0,0,0,6.1,6,3,3,3,0,5,0,6
Yoendrys Gomez,mr,25,5.17,3,3,1,21,9,0,0,62.2,60,40,36,12,4,27,0,58
Yoendrys Gomez,cl,25,14.54,0,0,1,3,0,0,0,4.1,10,7,7,2,0,2,0,6
Yoendrys Gomez,sp,25,4.84,2,2,0,12,9,0,0,48.1,45,29,26,9,4,16,0,47
Yoendrys Gomez,mr,25,2.7,1,1,0,6,0,0,0,10,5,4,3,1,0,9,0,5
Gordon Graceffo,mr,25,6.28,3,1,1,26,0,0,0,43,50,33,30,2,2,13,0,40
Andre Granillo,mr,25,4.71,1,0,1,14,0,0,0,21,22,11,11,3,1,7,0,18
Ronny Henriquez,mr,25,2.22,7,1,7,69,0,0,0,73,53,23,18,8,4,27,2,98
Cole Henry,mr,25,4.27,1,2,2,57,0,0,0,52.2,43,27,25,7,11,32,1,52
Jaden Hill,mr,25,3.38,1,1,0,28,0,0,0,29.1,27,14,11,2,3,12,0,31
Andrew Hoffmann,mr,25,6,1,1,0,11,0,0,0,12,14,12,8,2,0,10,0,12
Andrew Hoffmann,mr,25,3.86,0,0,0,3,0,0,0,4.2,7,6,2,1,0,4,0,5
Andrew Hoffmann,mr,25,7.36,1,1,0,8,0,0,0,7.1,7,6,6,1,0,6,0,7
Gunnar Hoglund,sp,25,6.4,1,3,0,6,6,0,0,32.1,38,23,23,10,0,11,0,23
Grant Holman,mr,25,5.09,4,2,0,22,2,0,0,23,26,14,13,3,1,9,0,17
Will Klein,mr,25,2.35,1,1,0,14,0,0,0,15.1,14,6,4,0,2,10,0,21
Sauryn Lao,mr,25,4.91,1,0,0,8,0,0,0,11,14,7,6,2,1,2,0,9
Sauryn Lao,mr,25,8.1,0,0,0,2,0,0,0,3.1,6,4,3,1,0,1,0,4
Sauryn Lao,mr,25,3.52,1,0,0,6,0,0,0,7.2,8,3,3,1,1,1,0,5
Brad Lord,mr,25,4.34,5,10,0,48,19,0,0,130.2,126,65,63,17,3,43,0,108
Garrett McDaniels*,mr,25,5.91,0,0,0,10,0,0,0,10.2,13,8,7,2,1,8,0,6
Christian Montes De Oca,mr,25,0,0,0,0,1,0,0,0,2.2,0,0,0,0,0,1,0,2
David Morgan,mr,25,2.66,1,2,0,41,2,0,0,47.1,35,14,14,4,2,23,1,50
Roddery Munoz,mr,25,8.18,0,0,0,9,0,0,0,11,9,10,10,4,0,9,0,14
Rolddy Munoz,mr,25,12.27,0,0,0,3,0,0,0,3.2,4,5,5,1,2,5,0,5
Doug Nikhazy*,sp,25,13.5,0,1,0,2,1,0,0,4,5,6,6,0,0,6,0,5
Pierson Ohl,mr,25,5.1,0,3,0,14,3,0,0,30,38,22,17,5,0,7,0,27
Daniel Palencia,cl,25,2.91,1,6,22,54,0,0,0,52.2,44,19,17,5,2,16,1,61
Jack Perkins,cl,25,4.19,3,2,3,12,4,0,0,38.2,27,18,18,4,2,18,0,37
Lyon Richardson,mr,25,4.54,0,3,0,34,0,0,0,37.2,37,25,19,2,2,21,4,30
Gregory Santos,mr,25,5.14,1,1,0,8,0,0,0,7,8,6,4,0,0,8,2,0
Dylan Smith,mr,25,1.38,1,0,0,7,0,0,0,13,6,2,2,0,3,5,0,4
Shane Smith,sp,25,3.81,7,8,0,29,29,0,0,146.1,117,70,62,17,12,58,1,145
Carlos Vargas,mr,25,3.97,5,5,1,70,0,0,0,77,81,39,34,10,7,23,4,54
Mike Vasil,mr,25,2.5,5,3,4,47,3,0,0,101,74,32,28,8,8,52,5,82
Owen White,mr,25,9,0,0,0,3,0,0,0,7,14,7,7,1,0,3,0,6
Cole Wilcox,mr,25,27,0,0,0,1,0,0,0,1,4,7,3,0,0,3,0,1
Cole Winn,mr,25,1.51,0,1,0,33,0,0,0,41.2,23,8,7,3,4,17,2,35
Craig Yoho,mr,25,7.27,0,0,0,8,0,0,0,8.2,8,7,7,1,1,9,0,7
Elvis Alvarado,mr,26,3.19,1,1,0,37,0,0,0,42.1,34,17,15,6,2,22,1,50
Andrew Alvarez*,sp,26,2.31,1,1,0,5,5,0,0,23.1,16,8,6,1,1,10,0,20
Clayton Beeter,mr,26,4.26,0,3,1,26,0,0,0,25.1,13,12,12,3,0,18,0,33
Clayton Beeter,mr,26,14.73,0,1,0,2,0,0,0,3.2,5,6,6,2,0,4,0,1
Clayton Beeter,mr,26,2.49,0,2,1,24,0,0,0,21.2,8,6,6,1,0,14,0,32
Blas Castano,mr,26,9,0,0,0,1,0,0,0,3,4,3,3,1,1,2,0,1
Cade Cavalli,sp,26,4.25,3,1,0,10,10,0,0,48.2,57,28,23,7,4,15,0,40
Omar Cruz*,mr,26,4.91,0,0,0,2,0,0,0,3.2,4,2,2,0,0,3,0,5
Steven Cruz,mr,26,3.74,3,1,0,47,0,0,0,45.2,36,20,19,5,1,18,1,38
Jack Dreyer*,mr,26,2.95,3,2,4,67,5,0,0,76.1,56,26,25,4,0,24,5,74
Jake Eder*,mr,26,4.91,0,1,0,8,0,0,0,18.1,15,10,10,3,1,9,1,15
Lazaro Estrada,mr,26,8.59,0,0,0,2,0,0,0,7.1,10,7,7,2,2,1,0,10
Colton Gordon*,sp,26,5.34,6,4,1,20,14,0,0,86,103,54,51,21,2,19,2,72
Ryan Gusto,sp,26,5.67,7,7,0,27,17,0,0,101.2,114,67,64,17,5,36,0,97
Ryan Gusto,sp,26,4.92,7,4,0,24,14,0,0,86,95,50,47,13,3,28,0,87
Ryan Gusto,sp,26,9.77,0,3,0,3,3,0,0,15.2,19,17,17,4,2,8,0,10
Dom Hamel,mr,26,0,0,0,0,1,0,0,0,1,3,0,0,0,1,0,0,0
Hayden Harris*,mr,26,3.38,0,0,0,3,0,0,0,2.2,3,1,1,0,0,2,0,0
Seth Johnson,mr,26,4.26,1,1,0,10,0,0,0,12.2,11,8,6,3,0,4,0,17
Max Lazar,mr,26,4.79,1,1,1,36,0,0,0,41.1,41,23,22,7,0,12,0,26
Jordan Leasure,mr,26,3.92,5,6,7,68,1,0,0,64.1,49,30,28,12,1,30,1,81
Chase Lee,mr,26,4.1,4,1,0,32,0,0,0,37.1,32,17,17,7,2,9,1,36
Ryan Loutos,mr,26,12.75,1,0,0,12,0,0,0,12,20,21,17,4,2,8,0,8
Ryan Loutos,mr,26,15,0,0,0,2,0,0,0,3,4,5,5,1,1,2,0,2
Ryan Loutos,mr,26,12,1,0,0,10,0,0,0,9,16,16,12,3,1,6,0,6
Michael Mercado,mr,26,15,0,0,0,3,0,0,0,3,7,5,5,1,0,4,0,4
Mason Miller,mr,26,0.77,0,0,2,22,0,0,0,23.1,7,2,2,1,0,10,0,45
Mason Miller,cl,26,3.76,1,2,20,38,0,0,0,38.1,21,17,16,4,1,18,2,59
Juan Morillo,mr,26,4.19,0,3,1,42,0,0,0,34.1,38,19,16,2,1,20,0,36
Noah Murdock,mr,26,13.24,1,1,0,14,0,0,0,17,26,25,25,0,2,20,3,21
Eduarniel Nunez,mr,26,7.11,1,0,0,10,0,0,0,12.2,13,10,10,2,3,11,0,11
Eduarniel Nunez,mr,26,3.86,0,0,0,4,0,0,0,4.2,4,2,2,1,1,4,0,2
Eduarniel Nunez,mr,26,9,1,0,0,6,0,0,0,8,9,8,8,1,2,7,0,9
Jake Palisch*,mr,26,18,0,0,0,1,0,0,0,1,3,2,2,0,0,0,0,0
Chad Patrick,sp,26,3.53,3,8,0,27,23,0,0,119.2,113,49,47,13,4,40,1,127
Robinson Pina,mr,26,7.71,0,0,0,2,0,0,0,2.1,5,4,2,1,0,1,0,1
Robinson Pina,mr,26,6.75,0,0,0,1,0,0,0,1.1,4,3,1,0,0,1,0,1
Robinson Pina,mr,26,9,0,0,0,1,0,0,0,1,1,1,1,1,0,0,0,0
Austin Pope,mr,26,0,0,0,0,1,0,0,0,2,2,0,0,0,0,1,0,1
Christian Roa,mr,26,0,0,0,0,2,0,0,0,3,1,0,0,0,0,3,0,3
Jackson Rutledge,mr,26,5.77,4,2,0,63,0,0,0,73.1,87,49,47,16,7,24,0,65
Jayvien Sandridge*,mr,26,27,0,0,0,1,0,0,0,0.2,1,2,2,1,1,2,0,2
Matt Sauer,mr,26,6.37,2,1,1,10,1,0,0,29.2,35,23,21,6,2,8,0,24
Carson Seymour,mr,26,4.75,1,3,0,16,3,0,0,36,37,21,19,9,1,13,0,26
Ian Seymour*,mr,26,3.63,4,3,0,19,5,0,0,57,48,33,23,5,3,19,1,64
George Soriano,mr,26,8.35,2,0,1,24,0,0,0,36.2,46,36,34,10,2,19,1,36
Matt Svanson,mr,26,1.94,4,0,0,39,0,0,0,60.1,33,14,13,3,4,20,0,68
Freddy Tarnok,mr,26,2.45,1,0,1,5,0,0,0,7.1,1,2,2,1,1,4,0,10
Kai-Wei Teng,sp,26,6.37,2,4,0,8,7,0,0,29.2,29,24,21,2,7,17,0,39
Logan VanWey,mr,26,5.06,0,0,0,9,0,0,0,10.2,15,7,6,2,1,3,0,7
Nathan Wiles,mr,26,27,0,0,0,1,0,0,0,1,4,3,3,0,0,0,0,1
Brandon Young,sp,26,6.24,1,7,0,12,12,0,0,57.2,67,42,40,12,0,22,0,47
Garrett Acton,mr,27,0,0,0,0,1,0,0,0,1,0,0,0,0,0,2,0,0
Ian Anderson,mr,27,11.57,0,1,0,7,0,0,0,9.1,17,13,12,2,0,7,1,8
Kyle Backhus*,mr,27,4.62,0,3,2,32,0,0,0,25.1,28,14,13,3,3,8,0,22
Cody Bolton,mr,27,13.5,0,0,0,1,0,0,0,2,4,3,3,0,0,0,0,1
Matt Brash,mr,27,2.47,1,3,4,53,0,0,0,47.1,41,15,13,4,2,18,2,58
Jose Butto,mr,27,3.64,3,2,1,34,0,0,0,47,43,21,19,2,1,22,1,41
Jose Butto,mr,27,4.5,2,1,0,21,0,0,0,20,19,10,10,2,1,10,1,17
Isaiah Campbell,mr,27,7.04,0,0,0,6,0,0,0,7.2,13,6,6,1,1,1,0,3
Michael Darrell-Hicks,mr,27,7.45,1,0,0,7,0,0,0,9.2,10,8,8,1,1,4,0,8
Michael Darrell-Hicks,mr,27,0,0,0,0,1,0,0,0,2,0,0,0,0,0,0,0,2
Michael Darrell-Hicks,mr,27,9.39,1,0,0,6,0,0,0,7.2,10,8,8,1,1,4,0,6
Brett de Geus,mr,27,4.5,0,0,0,1,0,0,0,2,1,1,1,0,0,3,0,0
Yerry De Los Santos,mr,27,3.28,0,1,0,25,0,0,0,35.2,37,15,13,1,1,17,0,28
Dylan Dodd*,mr,27,3.6,1,0,0,28,0,0,0,35,28,14,14,5,1,5,0,30
Camilo Doval,cl,27,3.09,4,2,15,47,0,0,0,46.2,32,20,16,2,2,24,1,50
Camilo Doval,mr,27,4.82,0,1,1,22,0,0,0,18.2,19,14,10,2,1,11,0,22
Jhoan Duran,cl,27,2.18,1,2,16,23,0,0,0,20.2,18,6,5,2,0,1,0,27
Jhoan Duran,cl,27,2.01,6,4,16,49,0,0,0,49.1,40,13,11,1,3,18,4,53
Brandon Eisert*,mr,27,4.39,3,8,2,72,3,0,0,69.2,75,36,34,12,5,25,6,74
Caleb Freeman,mr,27,5.4,0,0,0,5,0,0,0,3.1,5,2,2,1,0,1,0,3
Cade Gibson*,mr,27,2.63,4,5,0,44,1,0,0,54.2,44,18,16,3,6,21,3,43
Sawyer Gipson-Long,mr,27,7.18,0,2,0,8,3,0,0,31.1,34,26,25,8,2,6,0,26
Tanner Gordon,sp,27,6.33,6,8,0,15,15,0,0,75.1,96,60,53,16,3,17,0,62
Brent Headrick*,mr,27,3.13,0,0,0,17,0,0,0,23,17,8,8,4,1,7,1,30
Tommy Henry*,mr,27,4.05,0,0,0,2,0,0,0,6.2,6,3,3,3,1,1,0,8
Nolan Hoffman,mr,27,27,0,0,0,1,0,0,0,1,3,3,3,0,0,1,0,2
Gavin Hollowell,mr,27,4.82,0,0,0,7,0,0,0,9.1,9,5,5,1,0,7,0,10
Bailey Horn*,mr,27,1.59,0,1,0,10,0,0,0,11.1,11,2,2,1,0,7,0,10
Alek Jacob,mr,27,5.13,1,0,0,29,0,0,0,33.1,36,20,19,6,6,14,0,23
Drey Jameson,cl,27,3,0,1,1,3,0,0,0,3,4,2,1,0,0,3,0,0
Bryce Jarvis,mr,27,5.73,0,0,1,12,0,0,0,22,23,14,14,3,1,10,0,21
Zak Kent,mr,27,4.58,1,0,0,12,0,0,0,17.2,17,10,9,1,1,8,0,16
Max Kranick,mr,27,3.65,3,2,0,24,0,0,0,37,34,15,15,5,0,5,0,25
Joe La Sorsa*,mr,27,10.8,0,1,0,5,0,0,0,6.2,13,9,8,4,0,2,0,2
Cody Laweryson,mr,27,1.17,0,1,0,5,0,0,0,7.2,4,2,1,0,0,0,0,7
Jack Little,mr,27,6,0,0,0,2,0,0,0,3,4,2,2,0,1,1,0,2
Jacob Lopez*,sp,27,4.08,7,7,0,21,17,0,0,92.2,81,47,42,15,8,37,0,113
Anthony Maldonado,mr,27,12,0,0,0,6,0,0,0,6,10,8,8,3,0,5,1,7
Dustin May,sp,27,4.85,6,7,0,19,18,0,0,104,97,60,56,16,8,43,3,97
Dustin May,sp,27,5.4,1,4,0,6,5,0,0,28.1,35,18,17,5,4,13,0,26
Easton McGee,mr,27,5.52,0,0,0,9,0,0,0,14.2,15,9,9,1,0,5,1,13
Patrick Monteverde*,mr,27,9.82,0,0,0,1,0,0,0,3.2,9,4,4,0,0,1,0,4
Chris Murphy*,mr,27,3.12,3,0,0,23,0,0,0,34.2,21,12,12,4,5,20,1,30
Shinnosuke Ogasawara*,mr,27,6.98,1,1,0,23,2,0,0,38.2,43,30,30,9,3,17,0,30
Eric Orze,mr,27,3.02,1,1,3,33,0,0,0,41.2,38,16,14,4,3,19,1,40
Johan Oviedo,sp,27,3.57,2,1,0,9,9,0,0,40.1,26,17,16,6,3,23,0,42
Sammy Peralta*,mr,27,7.59,0,1,0,5,0,0,0,10.2,14,12,9,0,0,6,3,8
Tyler Phillips,mr,27,2.78,2,1,4,54,1,0,0,77.2,65,26,24,8,2,24,0,52
Konnor Pilkington*,mr,27,4.45,2,0,0,32,0,0,0,28.1,22,16,14,7,2,17,0,34
Jonathan Pintaro,mr,27,27,0,0,0,1,0,0,0,0.2,2,2,2,0,0,2,0,1
Carson Ragsdale,mr,27,14.4,0,0,0,2,0,0,0,5,10,8,8,1,0,1,0,4
Alan Rangel,mr,27,2.45,0,0,1,5,0,0,0,11,10,3,3,1,0,6,0,8
Orlando Ribalta,mr,27,7.03,0,0,0,22,0,0,0,24.1,28,19,19,6,1,17,0,25
Ethan Roberts,mr,27,6,1,0,0,10,0,0,0,9,10,6,6,3,1,2,0,6
Elvin Rodriguez,mr,27,9.15,0,2,0,7,2,0,0,19.2,26,20,20,9,1,7,0,18
Elvin Rodriguez,mr,27,18,0,0,0,1,0,0,0,1,3,2,2,2,0,0,0,1
Elvin Rodriguez,mr,27,8.68,0,2,0,6,2,0,0,18.2,23,18,18,7,1,7,0,17
Ryan Rolison*,mr,27,7.02,1,0,0,31,1,0,0,42.1,55,35,33,11,0,20,0,25
Andrew Saalfrank*,mr,27,1.24,2,1,3,28,0,0,0,29,19,5,4,1,0,10,1,19
Erik Sabrowski*,mr,27,1.84,0,1,0,33,0,0,0,29.1,14,8,6,2,3,21,0,42
Paxton Schultz,mr,27,4.38,0,0,0,13,2,0,0,24.2,27,16,12,4,1,8,0,28
Josh Simpson*,mr,27,7.34,4,2,0,31,0,0,0,30.2,34,28,25,5,3,22,2,36
Michael Soroka,mr,27,1.08,0,0,0,6,1,0,0,8.1,4,5,1,1,1,5,0,8
Michael Soroka,sp,27,4.87,3,8,0,16,16,0,0,81.1,68,44,44,11,14,24,0,87
Kade Strowd,mr,27,1.71,0,1,0,25,0,0,0,26.1,16,6,5,1,1,13,0,24
Jose Suarez*,mr,27,1.86,2,0,1,7,1,0,0,19.1,15,5,4,1,0,10,1,16
Connor Thomas*,mr,27,20.25,0,0,0,2,0,0,0,5.1,12,12,12,3,1,2,0,5
Mason Thompson,mr,27,11.81,1,1,0,14,0,0,0,10.2,16,16,14,1,0,12,2,11
Louis Varland,mr,27,2.97,4,3,0,74,1,0,0,72.2,65,27,24,6,2,22,1,75
Louis Varland,mr,27,2.02,3,3,0,51,0,0,0,49,41,14,11,3,2,13,1,47
Louis Varland,mr,27,4.94,1,0,0,23,1,0,0,23.2,24,13,13,3,0,9,0,28
Anthony Veneziano*,mr,27,4.68,0,0,0,26,1,0,0,25,28,13,13,4,2,11,0,25
Anthony Veneziano*,mr,27,4.5,0,0,0,2,0,0,0,4,3,2,2,0,1,1,0,5
Anthony Veneziano*,mr,27,4.71,0,0,0,24,1,0,0,21,25,11,11,4,1,10,0,20
Joey Wentz*,mr,27,5.6,5,7,0,39,13,0,0,98,110,66,61,11,1,43,3,92
Joey Wentz*,sp,27,4.92,3,6,0,14,13,0,0,64,68,38,35,6,0,23,1,64
Joey Wentz*,mr,27,4.15,2,1,0,19,0,0,0,26,25,14,12,2,1,11,2,22
Joey Wentz*,mr,27,15.75,0,0,0,6,0,0,0,8,17,14,14,3,0,9,0,6
Forrest Whitley,mr,27,13.5,0,0,0,10,0,0,0,12,19,20,18,3,1,8,0,12
Forrest Whitley,mr,27,12.27,0,0,0,5,0,0,0,7.1,9,10,10,2,1,6,0,8
Forrest Whitley,mr,27,15.43,0,0,0,5,0,0,0,4.2,10,10,8,1,0,2,0,4
Josh Winckowski,mr,27,3.86,0,1,0,6,0,0,0,11.2,11,7,5,0,1,5,0,9
Ryan Zeferjahn,mr,27,4.74,6,5,2,62,1,0,0,57,49,31,30,12,4,35,3,73
Yosver Zulueta,mr,27,6.14,1,0,0,7,0,0,0,7.1,5,5,5,1,0,4,0,5
Ty Adcock,mr,28,3,0,0,0,3,0,0,0,3,2,1,1,1,0,2,0,5
Grant Anderson,mr,28,3.23,2,6,0,66,0,0,0,69.2,59,35,25,8,2,29,3,74
Jonathan Bowlan,mr,28,3.86,1,2,0,34,1,0,0,44.1,37,21,19,6,0,17,0,46
Justin Bruihl*,mr,28,5.27,0,0,0,15,0,0,0,13.2,19,10,8,2,1,7,3,18
Brock Burke*,mr,28,3.36,7,1,0,69,1,0,0,61.2,58,24,23,8,3,18,4,52
Genesis Cabrera*,mr,28,8.68,0,0,0,9,0,0,0,9.1,10,9,9,4,0,3,0,8
Genesis Cabrera*,mr,28,3.52,0,0,0,6,0,0,0,7.2,7,3,3,1,0,3,0,7
Genesis Cabrera*,mr,28,4.91,0,0,0,9,0,0,0,11,12,6,6,2,1,1,0,7
Genesis Cabrera*,mr,28,7.98,0,1,1,16,0,0,0,14.2,17,14,13,5,1,11,1,13
Alex Carrillo,mr,28,13.5,0,1,0,3,0,0,0,4.2,6,7,7,4,1,2,0,4
Austin Cox*,mr,28,8.86,0,0,0,13,1,0,0,21.1,30,21,21,9,0,7,0,22
Davis Daniel,sp,28,5.4,0,1,0,3,2,0,0,10,9,6,6,1,1,7,0,9
Dugan Darnell,mr,28,3.86,1,0,0,9,0,0,0,11.2,10,5,5,1,0,7,0,5
Noah Davis,mr,28,18,0,2,0,9,0,0,0,11,22,24,22,7,7,6,0,15
Noah Davis,mr,28,19.5,0,1,0,5,0,0,0,6,10,14,13,3,4,5,0,8
Noah Davis,mr,28,16.2,0,1,0,4,0,0,0,5,12,10,9,4,3,1,0,7
Alexis Diaz,mr,28,10.13,0,0,0,3,0,0,0,2.2,0,4,3,0,1,5,0,5
Alexis Diaz,mr,28,12,0,0,0,6,0,0,0,6,8,8,8,4,2,5,0,3
Alexis Diaz,mr,28,5,1,0,0,9,0,0,0,9,7,5,5,2,2,2,0,9
Jhonathan Diaz*,mr,28,0,0,0,0,1,0,0,0,1.1,1,0,0,0,0,0,0,1
Nic Enright,mr,28,2.03,2,1,1,27,0,0,0,31,24,8,7,3,2,12,0,30
Jose Espada,mr,28,0,0,0,0,1,0,0,0,3,1,0,0,0,0,0,0,4
Bailey Falter*,sp,28,3.73,7,5,0,22,22,0,0,113.1,95,53,47,17,1,39,0,70
Bailey Falter*,sp,28,11.25,0,2,0,4,2,0,0,12,20,15,15,2,0,7,0,11
Caleb Ferguson*,mr,28,3.74,2,2,0,45,0,0,0,43.1,33,18,18,1,5,14,2,34
Caleb Ferguson*,mr,28,3.27,3,2,0,25,0,0,0,22,21,9,8,1,1,8,1,17
Kody Funderburk*,mr,28,3.51,4,1,1,39,0,0,0,41,44,17,16,2,3,18,1,40
Luis H. Garcia,sp,28,3.52,1,0,0,2,2,0,0,7.2,3,3,3,2,1,1,0,7
Joey Gerber,mr,28,2.08,0,0,0,2,0,0,0,4.1,3,1,1,1,0,0,0,4
Logan Gillaspie,mr,28,2.57,0,0,0,3,0,0,0,7,7,2,2,1,1,4,0,4
Justin Hagenman,mr,28,4.56,0,1,1,9,1,0,0,23.2,24,13,12,4,1,2,0,23
Carlos Hernandez,mr,28,5.26,1,0,0,25,0,0,0,25.2,32,16,15,4,2,13,1,23
Carlos Hernandez,mr,28,3.86,0,0,0,5,0,0,0,7,4,3,3,0,0,3,0,3
Carlos Hernandez,mr,28,10.13,0,0,0,11,0,0,0,10.2,14,13,12,0,0,6,0,13
Codi Heuer,mr,28,5.79,0,0,0,3,0,0,0,4.2,4,3,3,3,0,2,0,5
Codi Heuer,mr,28,5.4,0,0,0,2,0,0,0,3.1,3,2,2,2,0,2,0,4
Codi Heuer,mr,28,6.75,0,0,0,1,0,0,0,1.1,1,1,1,1,0,0,0,1
Jordan Hicks,sp,28,6.47,1,5,0,13,9,0,0,48.2,55,36,35,3,4,20,0,43
Jordan Hicks,mr,28,8.2,1,2,2,21,0,0,0,18.2,25,20,17,3,4,12,1,15
Bryan Hudson*,mr,28,5.79,0,0,0,4,0,0,0,4.2,7,3,3,2,0,1,0,6
Bryan Hudson*,mr,28,4.35,0,1,0,12,0,0,0,10.1,8,7,5,0,2,12,2,13
Cristian Javier,sp,28,4.62,2,4,0,8,8,0,0,37,32,22,19,3,1,15,0,34
Stephen Kolek,sp,28,3.51,5,7,0,19,19,1,1,112.2,98,49,44,9,7,31,1,77
Stephen Kolek,sp,28,4.18,4,5,0,14,14,1,1,79.2,78,40,37,8,7,26,1,56
Stephen Kolek,sp,28,1.91,1,2,0,5,5,0,0,33,20,9,7,1,0,5,0,21
Jackson Kowar,mr,28,4.24,2,0,0,15,0,0,0,17,14,8,8,4,1,7,0,15
Casey Legumina,mr,28,5.62,4,6,0,48,1,0,0,49.2,47,36,31,7,2,25,2,55
Easton Lucas*,sp,28,6.66,3,3,0,6,5,0,0,24.1,25,18,18,5,0,12,0,23
Jovani Moran*,mr,28,6.75,0,0,0,2,0,0,0,4,5,3,3,0,0,3,0,5
Jayden Murray,mr,28,1.54,0,0,0,9,1,0,0,11.2,10,2,2,0,0,3,0,8
Kyle Nelson*,cl,28,9,0,0,1,3,0,0,0,2,1,2,2,1,0,4,0,2
Elvis Peguero,sp,28,13.5,0,0,0,2,1,0,0,2,4,3,3,0,0,2,0,3
Elvis Peguero,mr,28,4.91,0,0,0,6,0,0,0,7.1,8,6,4,1,1,4,0,5
Joel Peguero,mr,28,2.42,3,1,0,17,0,0,0,22.1,15,7,6,2,0,8,1,17
Zach Pop,mr,28,20.25,0,1,0,1,0,0,0,1.1,5,3,3,1,0,0,0,0
Zach Pop,mr,28,13.5,0,0,0,4,0,0,0,5.1,10,9,8,3,1,2,0,3
PJ Poulin*,mr,28,3.65,2,1,1,28,0,0,0,24.2,23,10,10,2,2,13,0,27
John Rooney*,mr,28,6.75,0,0,0,1,0,0,0,1.1,1,1,1,1,0,1,0,2
Cam Sanders,mr,28,8.1,0,0,0,6,0,0,0,6.2,9,6,6,2,0,5,0,4
Chase Shugart,mr,28,3.4,4,3,0,35,0,0,0,45,33,18,17,6,1,17,2,31
Evan Sisk*,mr,28,3.57,1,1,0,19,0,0,0,17.2,16,7,7,1,2,10,0,25
Evan Sisk*,mr,28,4.38,1,1,0,14,0,0,0,12.1,11,6,6,1,2,5,0,14
Evan Sisk*,mr,28,1.69,0,0,0,5,0,0,0,5.1,5,1,1,0,0,5,0,11
Justin Sterner,mr,28,3.18,4,3,0,59,1,0,0,65,47,24,23,10,7,21,2,70
Hunter Stratton,mr,28,2.2,1,1,1,12,0,0,0,16.1,13,5,4,2,2,5,0,15
Hunter Stratton,mr,28,23.63,0,0,0,3,0,0,0,2.2,10,7,7,1,1,2,0,1
Brian van Belle,mr,28,5.4,1,0,0,4,0,0,0,8.1,13,5,5,2,0,0,0,6
Brandon Walter*,sp,28,3.35,1,3,0,9,9,0,0,53.2,46,20,20,10,3,4,0,52
Grant Wolfram*,mr,28,5.4,3,1,0,21,0,0,0,26.2,35,20,16,2,1,15,1,31
Jake Woodford,mr,28,6.44,0,4,3,22,0,0,0,36.1,45,28,26,3,3,13,1,23
Jorge Alcala,mr,29,5.02,0,0,0,15,0,0,0,14.1,18,8,8,4,0,7,1,15
Jorge Alcala,mr,29,3.31,0,0,0,19,0,0,0,16.1,19,11,6,4,0,8,0,18
Jorge Alcala,mr,29,8.88,0,2,0,22,0,0,0,24.1,29,25,24,5,1,15,0,28
Jake Bird,mr,29,5.53,4,2,0,48,0,0,0,55.1,60,37,34,7,3,25,4,66
Jake Bird,mr,29,27,0,1,0,3,0,0,0,2,4,7,6,2,0,2,1,4
Jake Bird,mr,29,4.72,4,1,0,45,0,0,0,53.1,56,30,28,5,3,23,3,62
Scott Blewett,mr,29,5.48,3,0,0,26,2,0,0,44.1,45,29,27,9,1,18,0,35
Scott Blewett,mr,29,5.51,2,0,0,11,1,0,0,16.1,16,11,10,5,0,10,0,13
Scott Blewett,mr,29,6.17,1,0,0,13,1,0,0,23.1,25,17,16,4,0,8,0,17
Scott Blewett,mr,29,1.93,0,0,0,2,0,0,0,4.2,4,1,1,0,1,0,0,5
Jose G. Castillo*,mr,29,3.94,2,2,0,29,0,0,0,32,40,18,14,4,4,14,1,30
Jose G. Castillo*,mr,29,2.35,1,1,0,16,0,0,0,15.1,21,6,4,0,4,6,0,19
Jose G. Castillo*,mr,29,2.45,0,0,0,5,0,0,0,7.1,6,3,2,1,0,3,0,7
Jose G. Castillo*,mr,29,0,1,0,0,3,0,0,0,3,3,1,0,0,0,2,1,1
Jose G. Castillo*,mr,29,11.37,0,1,0,5,0,0,0,6.1,10,8,8,3,0,3,0,3
Luis Contreras,mr,29,6.75,0,0,0,9,0,0,0,12,11,9,9,2,0,8,0,13
Tom Cosgrove*,mr,29,2.25,0,0,0,2,0,0,0,4,3,1,1,0,0,1,0,3
Enyel De Los Santos,mr,29,4.53,3,3,0,43,0,0,0,43.2,39,25,22,2,2,18,2,38
Enyel De Los Santos,mr,29,4.03,3,0,0,22,0,0,0,22.1,22,10,10,5,0,6,0,24
Shawn Dubin,mr,29,5.08,2,0,0,30,0,0,0,33.2,37,19,19,6,2,11,0,28
Shawn Dubin,mr,29,5.61,2,0,0,23,0,0,0,25.2,30,16,16,6,1,8,0,21
Shawn Dubin,mr,29,3.38,0,0,0,7,0,0,0,8,7,3,3,0,1,3,0,7
Julian Fernandez,mr,29,5.4,1,0,0,4,0,0,0,5,3,3,3,2,0,2,0,5
Julian Fernandez,mr,29,9,0,0,0,1,0,0,0,2,2,2,2,1,0,1,0,1
Julian Fernandez,mr,29,3,1,0,0,3,0,0,0,3,1,1,1,1,0,1,0,4
Lucas Gilbreath*,mr,29,9,0,0,0,1,0,0,0,1,1,1,1,1,0,0,0,2
Sean Guenther*,mr,29,5.23,0,1,0,9,1,0,0,10.1,10,7,6,0,0,5,0,8
Yaramil Hiraldo,mr,29,4.58,0,0,0,18,0,0,0,19.2,17,13,10,4,0,9,0,21
Janson Junk,sp,29,4.17,6,4,1,21,16,0,0,110,112,54,51,8,4,13,0,77
Michael Kopech,mr,29,2.45,0,0,0,14,0,0,0,11,6,3,3,0,0,13,0,12
Alex Lange,mr,29,0,0,0,0,1,0,0,0,1,2,0,0,0,0,1,0,1
Jake Latz*,mr,29,2.84,2,0,1,33,8,0,0,85.2,69,28,27,7,0,37,2,76
Zack Littell,sp,29,4.39,2,0,0,10,10,0,0,53.1,46,28,26,10,2,11,0,41
Zack Littell,sp,29,3.58,8,8,0,22,22,1,0,133.1,128,53,53,26,5,21,1,89
Richard Lovelady*,mr,29,6.3,0,0,0,8,0,0,0,10,10,8,7,3,1,4,0,9
Richard Lovelady*,mr,29,21.6,0,1,0,2,0,0,0,1.2,2,4,4,0,3,2,0,3
Ron Marinaccio,mr,29,0.84,0,0,0,7,0,0,0,10.2,6,1,1,0,0,4,0,12
Corbin Martin,mr,29,6,1,0,2,17,0,0,0,18,22,15,12,4,2,9,0,23
Isaac Mattson,mr,29,2.45,3,3,0,44,0,0,0,47.2,35,14,13,4,2,19,2,45
Darren McCaughan,mr,29,1.69,0,0,0,3,0,0,0,5.1,5,1,1,0,0,1,0,6
Dauri Moreta,mr,29,3.24,1,1,0,18,0,0,0,16.2,16,8,6,2,0,7,1,19
Dedniel Nunez,mr,29,4.66,0,0,0,10,0,0,0,9.2,6,5,5,1,0,6,0,11
Chris Paddack,sp,29,6.32,2,3,1,12,7,0,0,47,51,33,33,14,0,10,0,29
Chris Paddack,sp,29,4.95,3,9,0,21,21,0,0,111,115,65,61,17,3,27,0,83
Jose Quijada*,mr,29,0,0,0,0,2,0,0,0,1.1,1,0,0,0,0,2,0,3
Nick Raquet*,mr,29,0,0,0,0,2,0,0,0,2,0,0,0,0,0,1,0,1
Taylor Rashi,mr,29,4.41,0,1,2,10,0,0,0,16.1,16,8,8,0,0,8,0,22
Reiver Sanmartin*,mr,29,0,0,0,0,1,0,0,0,1.2,2,1,0,0,0,1,1,2
Connor Seabold,mr,29,4.35,0,0,0,7,0,0,0,10.1,12,5,5,1,0,6,0,10
Connor Seabold,mr,29,9.82,0,0,0,4,0,0,0,3.2,5,4,4,1,0,3,0,5
Connor Seabold,mr,29,1.35,0,0,0,3,0,0,0,6.2,7,1,1,0,0,3,0,5
JP Sears*,sp,29,5.47,2,2,0,5,5,0,0,24.2,31,16,15,7,1,7,0,20
JP Sears*,sp,29,4.95,7,9,0,22,22,0,0,111,112,63,61,23,5,29,0,97
Touki Toussaint,mr,29,9,0,0,0,1,0,0,0,2,4,2,2,0,0,1,0,3
Austin Warren,mr,29,0.96,1,0,0,5,0,0,0,9.1,5,1,1,1,0,4,0,9
Allan Winans,mr,29,8.68,0,1,0,3,1,0,0,9.1,13,11,9,2,2,3,0,6
Tyler Alexander*,mr,30,4.26,2,9,0,31,1,0,0,61.1,65,31,29,6,1,18,5,52
Tyler Alexander*,mr,30,6.19,3,5,1,21,4,0,0,36.1,42,31,25,3,1,12,0,30
Shaun Anderson,mr,30,10.32,1,0,0,7,0,0,0,11.1,20,13,13,6,0,3,0,11
Lake Bachar,mr,30,3.93,8,2,3,53,1,0,0,71,55,34,31,10,3,30,3,75
Bryan Baker,mr,30,3.52,3,2,2,42,0,0,0,38.1,33,17,15,8,0,9,0,49
Bryan Baker,mr,30,4.75,1,2,1,31,0,0,0,30.1,26,16,16,5,0,8,0,34
David Bednar,cl,30,2.37,2,5,17,42,0,0,0,38,32,12,10,2,1,10,2,51
David Bednar,cl,30,2.19,4,0,10,22,0,0,0,24.2,14,6,6,2,0,9,0,35
Anthony Bender,mr,30,2.16,3,5,4,51,0,0,0,50,32,13,12,3,2,21,2,42
Ben Bowden*,mr,30,4.22,0,0,0,11,0,0,0,10.2,9,6,5,2,0,5,0,7
Connor Brogdon,mr,30,5.55,3,2,0,43,0,0,0,47,45,31,29,11,0,18,4,49
Walker Buehler,sp,30,0.66,3,0,0,3,2,0,0,13.2,10,1,1,0,2,6,0,8
Walker Buehler,sp,30,5.45,7,7,0,23,22,0,0,112.1,120,72,68,22,9,55,0,84
Luis F. Castillo,sp,30,7.71,0,0,0,2,2,0,0,7,12,7,6,0,0,7,0,5
Miguel Castro,mr,30,7.5,0,0,0,6,0,0,0,6,5,5,5,1,1,5,0,4
Aaron Civale,mr,30,2.08,1,0,1,5,0,0,0,13,7,3,3,3,3,0,0,14
Aaron Civale,sp,30,5.37,2,7,0,13,13,0,0,67,66,44,40,8,2,26,0,55
Aaron Civale,sp,30,4.91,1,2,0,5,5,0,0,22,23,12,12,5,2,7,1,19
Nestor Cortes*,sp,30,5.47,1,3,0,6,6,0,0,26.1,29,16,16,8,2,13,0,21
Nestor Cortes*,sp,30,9,1,1,0,2,2,0,0,8,7,8,8,5,0,7,0,8
Nabil Crismatt,sp,30,3.71,3,0,0,8,5,0,0,34,40,20,14,6,1,9,0,25
Randy Dobnak,mr,30,1.69,0,0,0,1,0,0,0,5.1,2,1,1,1,0,2,0,1
Seranthony Dominguez,mr,30,3.24,2,3,2,43,0,0,0,41.2,32,19,15,4,0,24,1,54
Seranthony Dominguez,mr,30,3,2,1,0,24,0,0,0,21,12,11,7,1,2,12,1,25
Dane Dunning,mr,30,10.8,0,0,0,7,0,0,0,10,15,13,12,2,2,2,0,11
Dane Dunning,cl,30,3.38,0,0,2,5,0,0,0,10.2,9,4,4,2,1,5,1,10
J.P. France,mr,30,2.25,1,0,0,2,0,0,0,4,2,1,1,0,0,2,0,5
Ian Hamilton,mr,30,4.28,2,1,0,36,1,0,0,40,28,20,19,5,1,22,1,42
Thomas Hatch,mr,30,5.82,2,1,0,12,1,0,0,34,40,23,22,7,0,17,2,22
Thomas Hatch,mr,30,18,0,0,0,1,0,0,0,1,2,2,2,1,0,0,0,1
Thomas Hatch,mr,30,5.45,2,1,0,11,1,0,0,33,38,21,20,6,0,17,2,21
Ryan Helsley,mr,30,7.2,0,3,0,22,0,0,0,20,25,20,16,4,0,11,1,22
Ryan Helsley,cl,30,3,3,1,21,36,0,0,0,36,36,12,12,4,1,14,2,41
Nick Hernandez,mr,30,5.06,0,0,0,10,0,0,0,10.2,12,6,6,3,0,8,0,11
Griffin Jax,mr,30,4.5,1,5,0,50,0,0,0,46,46,24,23,4,1,13,2,72
Griffin Jax,mr,30,3.6,0,2,0,23,2,0,0,20,18,9,8,3,0,8,1,27
Matt Krook*,mr,30,5.4,0,0,0,3,0,0,0,3.1,5,2,2,0,0,1,0,3
Eric Lauer*,sp,30,3.18,9,2,0,28,15,0,0,104.2,90,39,37,15,2,26,1,102
Justin Lawrence,mr,30,0.51,1,0,0,17,0,0,0,17.2,9,1,1,0,2,8,2,23
Jonathan Loaisiga,mr,30,4.25,0,1,1,30,0,0,0,29.2,34,15,14,7,3,10,3,25
German Marquez,sp,30,6.7,3,16,0,26,26,0,0,126.1,168,106,94,23,6,48,1,83
Anthony Misiewicz*,mr,30,9.64,0,0,0,5,0,0,0,4.2,5,5,5,2,0,4,0,5
Riley O'Brien,mr,30,2.06,3,1,6,42,0,0,0,48,33,13,11,2,7,22,2,45
Cody Poteet,mr,30,16.88,0,0,0,1,0,0,0,2.2,6,5,5,0,0,2,0,1
Cal Quantrill,sp,30,13.5,0,2,0,2,2,0,0,8,14,12,12,5,0,5,0,3
Cal Quantrill,sp,30,5.5,4,10,0,24,24,0,0,109.2,122,69,67,17,5,30,0,82
Yohan Ramirez,mr,30,5.4,3,3,0,24,0,0,0,33.1,33,25,20,4,4,16,1,45
Daniel Robert,mr,30,4.15,0,0,0,15,0,0,0,13,11,7,6,2,0,10,0,15
Jose Ruiz,mr,30,8.82,1,0,0,18,0,0,0,16.1,23,17,16,3,0,9,0,15
Jose Ruiz,mr,30,13.5,0,0,0,2,0,0,0,2,2,3,3,0,0,3,0,3
Jose Ruiz,mr,30,8.16,1,0,0,16,0,0,0,14.1,21,14,13,3,0,6,0,12
Antonio Senzatela,sp,30,6.65,4,15,0,30,23,0,0,130,192,103,96,22,8,47,2,73
Gregory Soto*,mr,30,4.5,1,3,0,25,0,0,0,24,33,16,12,2,6,6,0,26
Gregory Soto*,mr,30,3.96,0,2,1,45,0,0,0,36.1,29,17,16,2,5,18,1,44
Bennett Sousa*,mr,30,2.84,5,1,4,44,0,0,0,50.2,37,18,16,4,0,15,0,59
Gabe Speier*,mr,30,2.61,4,3,0,76,0,0,0,62,43,19,18,5,5,11,1,82
Jose Urquidy,mr,30,7.71,0,0,0,2,0,0,0,2.1,4,2,2,0,0,3,0,3
Josh Walker*,mr,30,7.2,0,0,0,3,0,0,0,5,8,4,4,0,1,2,0,8
Tyler Wells,sp,30,2.91,2,1,0,4,4,0,0,21.2,17,7,7,4,0,2,0,18
Steven Wilson,mr,30,3.42,2,2,2,59,0,0,0,55.1,50,21,21,7,3,22,2,51
Bruce Zimmermann*,sp,30,7.5,0,1,0,1,1,0,0,6,7,6,5,2,0,2,0,1
Tyler Zuber,mr,30,11.25,0,1,0,10,0,0,0,12,17,15,15,3,0,6,1,14
Tyler Zuber,mr,30,9,0,0,0,1,0,0,0,2,3,2,2,0,0,0,0,3
Tyler Zuber,mr,30,11.7,0,1,0,9,0,0,0,10,14,13,13,3,0,6,1,11
Jalen Beeks*,mr,31,3.77,5,3,1,61,2,0,0,57.1,42,26,24,6,2,20,2,47
Spencer Bivens,mr,31,4,4,3,3,54,0,0,0,81,83,42,36,6,5,25,1,61
Paul Blackburn,sp,31,6.85,0,3,1,7,4,0,0,23.2,31,19,18,3,1,8,0,18
Paul Blackburn,mr,31,5.28,0,0,0,8,0,0,0,15.1,16,10,9,3,0,4,0,16
Ryan Borucki*,mr,31,4.63,1,3,0,39,0,0,0,35,29,20,18,4,1,16,1,32
Ryan Borucki*,mr,31,5.28,1,3,0,35,0,0,0,30.2,26,20,18,4,1,12,1,27
Ryan Borucki*,mr,31,0,0,0,0,4,0,0,0,4.1,3,0,0,0,0,4,0,5
Caleb Boushley,mr,31,6.02,0,0,1,25,1,0,0,43.1,54,33,29,5,2,14,1,41
JT Brubaker,mr,31,3.77,0,0,0,17,1,0,0,28.2,23,12,12,0,1,12,1,22
JT Brubaker,mr,31,4.26,0,0,0,5,1,0,0,12.2,13,6,6,0,0,3,1,12
JT Brubaker,mr,31,3.38,0,0,0,12,0,0,0,16,10,6,6,0,1,9,0,10
Scott Effross,mr,31,8.44,0,0,0,11,0,0,0,10.2,16,10,10,1,0,3,1,6
Rico Garcia,mr,31,3.15,0,2,0,29,1,0,0,34.1,31,12,12,5,0,10,1,38
Rico Garcia,mr,31,2.13,0,0,0,8,0,0,0,12.2,7,3,3,1,0,2,0,16
Rico Garcia,mr,31,2.84,0,2,0,20,1,0,0,19,21,6,6,3,0,6,1,20
Rico Garcia,mr,31,10.13,0,0,0,1,0,0,0,2.2,3,3,3,1,0,2,0,2
Justin Garza,mr,31,5.4,0,0,0,5,0,0,0,6.2,8,4,4,1,0,1,0,3
Ian Gibaut,mr,31,4.62,0,1,0,25,0,0,0,25.1,26,13,13,3,0,8,0,15
Tyler Gilbert*,mr,31,3.88,4,2,1,46,5,0,0,51,40,24,22,5,2,24,3,49
Geoff Hartlieb,mr,31,21.6,0,0,0,4,0,0,0,3.1,8,8,8,2,0,6,0,5
Geoff Hartlieb,mr,31,9,0,0,0,2,0,0,0,2,3,2,2,1,0,2,0,1
Geoff Hartlieb,mr,31,40.5,0,0,0,2,0,0,0,1.1,5,6,6,1,0,4,0,4
Jimmy Herget,mr,31,2.48,1,2,0,59,0,0,0,83.1,72,24,23,6,7,26,1,81
Brooks Kriske,mr,31,7.5,0,1,0,16,0,0,0,18,20,15,15,1,0,15,1,18
Brooks Kriske,mr,31,0,0,0,0,4,0,0,0,6,2,0,0,0,0,5,1,4
Brooks Kriske,mr,31,11.25,0,1,0,12,0,0,0,12,18,15,15,1,0,10,0,14
Lance McCullers,sp,31,6.51,2,5,0,16,13,0,0,55.1,61,45,40,10,7,39,0,61
Penn Murfee,mr,31,7.82,0,1,0,15,0,0,0,12.2,19,11,11,3,1,5,0,13
Joel Payamps,mr,31,6.84,0,1,1,30,0,0,0,26.1,31,20,20,4,2,9,1,24
Joel Payamps,mr,31,3.38,0,0,0,2,0,0,0,2.2,2,1,1,1,0,0,0,2
Joel Payamps,mr,31,7.23,0,1,1,28,0,0,0,23.2,29,19,19,3,2,9,1,22
Angel Perdomo*,mr,31,5.4,0,0,0,4,0,0,0,3.1,2,2,2,0,1,3,0,2
Michael Petersen,mr,31,4,0,0,0,15,0,0,0,18,18,11,8,3,0,7,2,17
Michael Petersen,mr,31,4.05,0,0,0,4,0,0,0,6.2,7,3,3,1,0,2,0,5
Michael Petersen,mr,31,3.97,0,0,0,11,0,0,0,11.1,11,8,5,2,0,5,2,12
Colin Poche*,mr,31,12.54,1,2,0,14,0,0,0,9.1,12,14,13,1,0,14,0,11
Colin Poche*,mr,31,27,0,0,0,1,0,0,0,0.2,2,2,2,0,0,2,0,1
Colin Poche*,mr,31,11.42,1,2,0,13,0,0,0,8.2,10,12,11,1,0,12,0,10
Jesse Scholtens,mr,31,5.4,0,1,0,2,0,0,0,8.1,9,7,5,1,0,3,0,12
Lucas Sims,mr,31,13.86,1,0,0,18,0,0,0,12.1,14,19,19,2,7,14,0,13
Zach R. Thompson,mr,31,0,0,0,0,2,0,0,0,3.2,0,0,0,0,0,1,0,3
Brandon Waddell*,mr,31,3.45,0,0,0,11,1,0,0,31.1,29,12,12,4,1,11,0,22
Jason Alexander,sp,32,4.77,4,2,1,18,13,0,0,77.1,80,45,41,15,3,26,0,65
Jason Alexander,sp,32,3.66,4,2,1,14,13,0,0,71.1,68,32,29,12,3,21,0,60
Jason Alexander,mr,32,18,0,0,0,4,0,0,0,6,12,13,12,3,0,5,0,5
Dan Altavilla,mr,32,2.48,0,1,2,28,0,0,0,29,19,9,8,4,4,15,0,21
Nick Burdi,mr,32,0,0,0,0,4,0,0,0,5.1,5,0,0,0,0,2,0,5
Taylor Clarke,mr,32,3.25,1,1,1,51,0,0,0,55.1,38,20,20,8,1,9,0,44
John Curtiss,mr,32,3.93,3,2,1,30,0,0,0,36.2,29,18,16,5,0,5,0,24
Jose E. De Leon,sp,32,4.05,1,0,0,1,1,0,0,6.2,8,3,3,1,0,3,0,8
Erick Fedde,sp,32,8.1,1,2,0,5,4,0,0,23.1,30,21,21,3,1,13,0,13
Erick Fedde,sp,32,5.22,3,10,0,20,20,1,1,101.2,106,62,59,14,2,47,1,63
Erick Fedde,mr,32,3.38,0,1,0,7,0,0,0,16,11,7,6,2,0,7,0,7
J.P. Feyereisen,mr,32,11.25,0,2,0,4,0,0,0,4,11,7,5,2,0,1,1,4
J.P. Feyereisen,mr,32,13.5,0,1,0,2,0,0,0,2,8,4,3,1,0,1,1,2
J.P. Feyereisen,mr,32,9,0,1,0,2,0,0,0,2,3,3,2,1,0,0,0,2
Michael Fulmer,mr,32,4.76,0,0,0,3,0,0,0,5.2,6,3,3,1,0,2,0,3
Michael Fulmer,mr,32,0,0,0,0,2,0,0,0,3,2,0,0,0,0,0,0,1
Michael Fulmer,mr,32,10.13,0,0,0,1,0,0,0,2.2,4,3,3,1,0,2,0,2
Matt Gage*,mr,32,3.19,0,1,0,33,2,0,0,31,35,11,11,0,2,12,1,27
Matt Gage*,mr,32,3.91,0,1,0,27,2,0,0,25.1,28,11,11,0,2,10,1,24
Matt Gage*,mr,32,0,0,0,0,6,0,0,0,5.2,7,0,0,0,0,2,0,3
Kyle Hart*,mr,32,5.86,3,3,0,20,6,0,0,43,38,28,28,9,2,13,0,37
Adrian Houser,sp,32,2.1,6,2,0,11,11,0,0,68.2,62,19,16,3,1,22,0,47
Adrian Houser,sp,32,4.79,2,3,0,10,10,0,0,56.1,60,30,30,7,7,16,0,45
Phil Maton,mr,32,2.35,1,3,2,40,0,0,0,38.1,28,12,10,1,5,15,1,48
Phil Maton,mr,32,3.52,3,2,3,23,0,0,0,23,14,9,9,2,2,8,1,33
Sean Newcomb*,mr,32,2.73,2,5,2,48,5,0,0,92.1,94,36,28,5,5,31,2,91
Sean Newcomb*,mr,32,3.95,0,4,0,12,5,0,0,41,55,24,18,3,2,17,0,41
Sean Newcomb*,mr,32,1.75,2,1,2,36,0,0,0,51.1,39,12,10,2,3,14,2,50
Tanner Rainey,mr,32,10.57,0,1,0,11,0,0,0,7.2,7,9,9,0,1,6,0,9
Tanner Rainey,mr,32,13.5,0,0,0,2,0,0,0,2,1,3,3,0,0,3,0,2
Trevor Richards,mr,32,12,0,0,0,3,0,0,0,3,7,4,4,0,0,2,0,2
Trevor Richards,mr,32,3.38,0,0,0,2,0,0,0,2.2,4,1,1,0,0,0,0,3
Jordan Romano,mr,32,8.23,2,4,8,49,0,0,0,42.2,45,40,39,10,3,17,1,47
Robert Stephenson,mr,32,2.7,2,0,0,11,0,0,0,10,7,4,3,1,1,3,1,10
Spencer Turnbull,mr,32,7.11,1,1,0,3,1,0,0,6.1,12,5,5,1,0,4,0,4
Taijuan Walker,sp,32,4.08,5,8,1,34,21,0,0,123.2,132,62,56,21,4,42,0,86
Jordan Weems,mr,32,14.54,0,1,0,4,0,0,0,4.1,9,7,7,0,0,3,0,0
Randy Wynne,cl,32,3,0,0,1,1,0,0,0,3,3,1,1,1,0,1,0,3
Jeff Brigham,mr,33,8.1,0,0,0,4,0,0,0,3.1,7,3,3,1,0,1,0,3
Carl  Edwards Jr.,mr,33,4.5,0,0,0,4,0,0,0,6,4,3,3,1,0,3,0,6
Carl  Edwards Jr.,mr,33,9,0,0,0,2,0,0,0,3,4,3,3,1,0,1,0,2
Carl  Edwards Jr.,mr,33,0,0,0,0,2,0,0,0,3,0,0,0,0,0,2,0,4
Kyle Finnegan,cl,33,1.5,3,0,4,16,0,0,0,18,9,3,3,1,0,4,0,23
Kyle Finnegan,cl,33,4.38,1,4,20,40,0,0,0,39,36,21,19,3,1,14,2,32
Luke Jackson,mr,33,4.06,2,5,9,52,0,0,0,51,41,30,23,4,3,28,5,38
Luke Jackson,mr,33,7.71,0,0,0,3,0,0,0,4.2,3,4,4,0,0,5,0,4
Luke Jackson,mr,33,2.38,0,0,0,10,0,0,0,11.1,6,6,3,0,1,4,1,10
Luke Jackson,mr,33,4.11,2,5,9,39,0,0,0,35,32,20,16,4,2,19,4,24
Tim Mayza*,mr,33,3.78,0,0,0,15,0,0,0,16.2,17,7,7,2,2,5,0,15
Tim Mayza*,mr,33,4.91,0,0,0,8,0,0,0,7.1,8,4,4,1,1,4,0,7
Tim Mayza*,mr,33,2.89,0,0,0,7,0,0,0,9.1,9,3,3,1,1,1,0,8
Julian Merryweather,mr,33,5.79,0,1,0,21,0,0,0,18.2,23,13,12,2,0,11,2,15
Steven Okert*,mr,33,3.01,3,2,1,68,1,0,0,71.2,45,25,24,6,2,19,1,84
Kaleb Ort,mr,33,4.89,2,2,1,49,0,0,0,46,35,26,25,8,0,27,1,49
Tayler Scott,mr,33,7.36,1,2,0,18,0,0,0,18.1,21,16,15,3,1,14,0,17
Tayler Scott,mr,33,9,0,0,0,6,0,0,0,9,13,9,9,3,0,4,0,7
Ryne Stanek,mr,33,5.3,4,6,3,65,0,0,0,56,56,39,33,7,0,32,0,58
Brock Stewart,mr,33,2.63,2,2,0,43,0,0,0,37.2,32,11,11,3,4,13,2,44
Brock Stewart,mr,33,4.91,0,1,0,4,0,0,0,3.2,6,2,2,0,1,2,0,3
Brock Stewart,mr,33,2.38,2,1,0,39,0,0,0,34,26,9,9,3,3,11,2,41
Wander Suero,mr,33,11.37,0,0,0,5,0,0,0,6.1,10,8,8,3,0,4,0,7
Lou Trivino,mr,33,3.97,3,2,0,47,2,0,0,47.2,46,23,21,6,6,18,1,37
Lou Trivino,mr,33,3.76,2,1,0,26,2,0,0,26.1,29,12,11,2,4,8,1,18
Lou Trivino,mr,33,2,0,1,0,10,0,0,0,9,6,3,2,0,1,5,0,8
Lou Trivino,mr,33,5.84,1,0,0,11,0,0,0,12.1,11,8,8,4,1,5,0,11
Jose Urena,mr,33,3,0,0,0,2,0,0,0,3,4,1,1,0,0,1,1,2
Jose Urena,cl,33,15,0,0,1,1,0,0,0,3,7,5,5,2,0,1,0,3
Jose Urena,mr,33,3.79,0,0,0,6,1,0,0,19,17,9,8,2,1,10,0,14
Jose Urena,sp,33,4.58,0,1,0,4,3,0,0,17.2,17,9,9,1,2,8,0,10
Jose Urena,mr,33,3.65,0,0,0,6,2,0,0,12.1,12,5,5,3,0,3,0,5
Rob Zastryzny*,mr,33,2.45,2,1,0,26,1,0,0,22,16,7,6,3,1,10,3,20
Nick Anderson,mr,34,6.14,0,0,0,12,0,0,0,14.2,17,10,10,3,0,2,0,10
Mike Clevinger,mr,34,7.94,0,2,0,8,0,0,0,5.2,5,5,5,0,0,8,0,3
Chris Devenski,mr,34,2.16,0,0,0,13,1,0,0,16.2,10,4,4,1,2,5,0,14
Dietrich Enns*,mr,34,4.08,3,3,2,24,3,0,0,46.1,50,25,21,6,0,15,4,49
Dietrich Enns*,mr,34,3.14,2,2,2,17,1,0,0,28.2,27,13,10,4,0,11,4,34
Dietrich Enns*,mr,34,5.6,1,1,0,7,2,0,0,17.2,23,12,11,2,0,4,0,15
Kendall Graveman,mr,34,7.13,1,0,0,19,0,0,0,17.2,23,14,14,2,1,12,0,9
Andrew Heaney*,mr,34,13.5,0,0,0,1,0,0,0,2,4,3,3,1,0,1,0,2
Andrew Heaney*,sp,34,5.39,5,10,0,26,23,0,0,120.1,125,74,72,24,9,39,0,84
Kevin Herget,mr,34,2.77,0,0,0,7,0,0,0,13,12,5,4,0,0,5,0,6
Kevin Herget,mr,34,0,0,0,0,1,0,0,0,1,1,0,0,0,0,2,0,0
Kevin Herget,mr,34,3,0,0,0,6,0,0,0,12,11,5,4,0,0,3,0,6
Tyler Kinley,mr,34,0.72,5,0,0,24,0,0,0,25,11,2,2,1,1,6,0,22
Tyler Kinley,mr,34,5.66,1,3,3,49,0,0,0,47.2,42,33,30,5,2,27,4,51
Steven Matz*,mr,34,3.44,5,2,1,32,2,0,0,55,56,25,21,4,1,9,0,47
Steven Matz*,mr,34,2.08,0,0,1,21,0,0,0,21.2,17,6,5,4,1,2,0,12
Tyler Matzek*,mr,34,4.26,0,0,0,7,0,0,0,6.1,11,3,3,0,0,5,0,7
Shelby Miller,mr,34,5.59,1,0,0,11,0,0,0,9.2,9,6,6,2,1,4,1,14
Shelby Miller,cl,34,1.98,3,3,10,37,0,0,0,36.1,24,11,8,3,3,11,3,40
Rafael Montero,mr,34,4.48,1,2,0,59,0,0,0,60.1,42,34,30,5,0,37,2,58
Rafael Montero,mr,34,5.5,0,1,0,36,0,0,0,34.1,27,22,21,3,0,21,2,34
Rafael Montero,mr,34,4.5,0,0,0,3,0,0,0,4,3,2,2,0,0,2,0,5
Rafael Montero,mr,34,2.86,1,1,0,20,0,0,0,22,12,10,7,2,0,14,0,19
Tommy Nance,mr,34,1.99,2,0,0,30,0,0,0,31.2,25,11,7,0,1,7,0,32
Emilio Pagan,cl,34,2.88,2,4,32,70,0,0,0,68.2,41,26,22,10,2,22,0,81
Taylor Rogers*,mr,34,5.09,1,0,0,17,0,0,0,17.2,18,10,10,4,1,4,0,19
Taylor Rogers*,mr,34,2.45,2,2,0,40,0,0,0,33,29,15,9,3,2,19,2,34
Tyler Rogers,mr,34,2.3,0,3,0,28,0,0,0,27.1,27,9,7,1,1,3,0,10
Tyler Rogers,mr,34,1.8,4,3,0,53,0,0,0,50,39,11,10,3,0,4,0,38
Chris Stratton,mr,34,7.71,0,0,0,15,0,0,0,21,32,20,18,4,0,10,0,22
Chris Stratton,mr,34,6.75,0,0,0,3,0,0,0,4,3,3,3,2,0,2,0,6
Chris Stratton,mr,34,7.94,0,0,0,12,0,0,0,17,29,17,15,2,0,8,0,16
Justin Topa,mr,34,3.9,1,5,4,54,1,0,0,60,68,32,26,2,4,18,3,49
Scott Alexander*,mr,35,6.75,0,0,0,2,0,0,0,1.1,3,1,1,1,0,2,0,2
Scott Alexander*,mr,35,6.06,1,1,0,19,0,0,0,16.1,20,11,11,4,1,7,0,6
John Brebbia,mr,35,7.71,0,1,0,3,0,0,0,4.2,6,5,4,2,1,1,0,6
John Brebbia,mr,35,7.71,1,0,0,19,0,0,0,18.2,22,18,16,3,3,11,0,20
Andrew Chafin*,mr,35,1.98,0,0,0,16,0,0,0,13.2,9,3,3,1,0,7,0,18
Andrew Chafin*,mr,35,2.7,1,1,0,26,0,0,0,20,20,8,6,1,0,12,0,18
Danny Coulombe*,mr,35,1.16,1,0,2,40,1,0,0,31,21,4,4,0,0,9,0,31
Danny Coulombe*,mr,35,5.25,1,1,0,15,0,0,0,12,11,7,7,3,0,9,0,12
Anthony DeSclafani,mr,35,5.12,1,2,2,13,4,0,0,38.2,37,23,22,11,5,12,2,36
Jesse Hahn,mr,35,5.4,0,1,0,3,0,0,0,5,6,4,3,1,1,5,3,3
Kyle Hendricks,sp,35,4.76,8,10,0,31,31,0,0,164.2,167,92,87,25,5,43,3,114
Casey Kelly,mr,35,0,0,0,0,2,0,0,0,1.2,1,0,0,0,0,1,0,0
Andrew Kittredge,mr,35,3.32,2,1,5,23,0,0,0,21.2,15,9,8,3,0,3,0,32
Andrew Kittredge,mr,35,3.45,2,2,0,31,0,0,0,31.1,26,13,12,4,0,8,1,32
Scott McGough,mr,35,6.75,0,0,0,13,0,0,0,16,18,12,12,4,1,7,0,16
Scott McGough,mr,35,6.43,0,0,0,7,0,0,0,7,6,5,5,1,1,6,0,5
Scott McGough,mr,35,7,0,0,0,6,0,0,0,9,12,7,7,3,0,1,0,11
Erasmo Ramirez,mr,35,2.45,0,1,1,9,0,0,0,11,10,4,3,2,0,2,1,5
Paul Sewald,mr,35,4.7,1,1,2,18,0,0,0,15.1,14,9,8,3,0,4,0,18
Paul Sewald,mr,35,4.15,0,0,0,4,0,0,0,4.1,4,2,2,1,0,2,0,2
Robert Stock,mr,35,10.13,0,0,0,2,0,0,0,2.2,4,3,3,1,0,4,0,1
Tomoyuki Sugano,sp,35,4.64,10,10,0,30,30,0,0,157,173,85,81,33,8,36,2,106
Cole Sulser,mr,35,1.99,2,1,0,18,0,0,0,22.2,20,5,5,1,0,7,1,22
Liam Hendriks,mr,36,6.59,0,2,0,14,0,0,0,13.2,12,11,10,2,1,7,0,12
Merrill Kelly,sp,36,4.23,3,3,0,10,10,0,0,55.1,59,26,26,9,1,10,0,46
Merrill Kelly,sp,36,3.22,9,6,0,22,22,0,0,128.2,98,53,46,14,1,38,0,121
Hector Neris,mr,36,6.75,3,2,0,35,0,0,0,26.2,29,25,20,6,1,16,1,35
Hector Neris,mr,36,45,0,1,0,2,0,0,0,1,5,5,5,1,0,1,0,1
Hector Neris,mr,36,5.4,0,1,0,12,0,0,0,11.2,13,11,7,3,0,8,1,15
Hector Neris,mr,36,5.14,3,0,0,21,0,0,0,14,11,9,8,2,1,7,0,19
Drew Pomeranz*,mr,36,2.17,2,2,1,57,4,0,0,49.2,38,14,12,5,5,15,1,57
Craig Kimbrel,mr,37,2.25,0,1,0,14,0,0,0,12,10,4,3,2,0,7,0,17
Craig Kimbrel,mr,37,0,0,0,0,1,0,0,0,1,1,0,0,0,0,1,0,1
Craig Kimbrel,mr,37,2.45,0,1,0,13,0,0,0,11,9,4,3,2,0,6,0,16
Casey Lawrence,mr,37,4.08,1,2,0,6,0,0,0,17.2,26,15,8,2,1,1,0,7
Casey Lawrence,mr,37,3,1,2,0,5,0,0,0,15,20,12,5,2,0,1,0,6
Casey Lawrence,mr,37,10.13,0,0,0,1,0,0,0,2.2,6,3,3,0,1,0,0,1
Brooks Raley*,mr,37,2.45,3,1,0,30,0,0,0,25.2,14,7,7,0,2,6,0,25
Justin Wilson*,mr,37,3.35,4,1,0,61,0,0,0,48.1,48,22,18,3,2,20,3,57
Carlos Carrasco,sp,38,9.88,0,0,0,3,3,0,0,13.2,22,15,15,3,0,7,0,9
Carlos Carrasco,sp,38,5.91,2,2,0,8,6,0,0,32,39,21,21,7,0,10,0,25
Luis A. Garcia,mr,38,5.27,2,0,0,28,0,0,0,27.1,34,17,16,1,0,16,4,24
Luis A. Garcia,mr,38,2,0,2,2,20,0,0,0,18,16,5,4,0,0,8,1,17
Luis A. Garcia,mr,38,0.9,0,0,0,10,0,0,0,10,5,1,1,1,0,2,0,7
Wade Miley*,sp,38,6.75,1,0,0,3,2,0,0,12,15,9,9,3,1,6,0,7
Caleb Thielbar*,mr,38,2.64,3,4,1,67,0,0,0,58,38,17,17,5,0,13,1,56
Adam Ottavino,mr,39,0,0,0,0,3,0,0,0,1.2,0,0,0,0,0,4,0,3
Charlie Morton,sp,41,0,0,0,0,1,1,0,0,1.1,2,0,0,0,0,1,0,1
Charlie Morton,sp,41,5.42,7,8,0,23,17,0,0,101.1,110,63,61,16,9,48,1,101
Charlie Morton,sp,41,7.09,2,3,0,9,9,0,0,39.1,40,31,31,7,5,23,1,47
Justin Verlander,sp,42,3.85,4,11,0,29,29,0,0,152,155,74,65,16,6,52,1,137
Rich Hill*,sp,45,5,0,2,0,2,2,0,0,9,9,7,5,2,0,8,0,4
